,well_id_96,coord2_384_x,i7_index_384,I7_Index_ID,i7_index_sequence,cell_number,experimental_or_control,nucleofection_buffer,coord2_384_y,i5_index_384,i5_index_ID,i5_index_sequence
0,A1,A2,A2,i7-00002,ACTCTCGA,1000000,exp,P1,A2,A2,i5-00002,TCGAGAGT
1,A2,A4,A4,i7-00004,GAGACGAT,1000000,exp,P1,A4,A4,i5-00004,ATCGTCTC
2,A3,A6,A6,i7-00006,TTCCAAGG,1000000,exp,P1,A6,A6,i5-00006,CCTTGGAA
3,A4,A8,A8,i7-00008,ACGGAACA,1000000,exp,P1,A8,A8,i5-00008,TGTTCCGT
4,A5,A10,A10,i7-00010,ATCGATCG,1000000,exp,P2,A10,A10,i5-00010,CGATCGAT
5,A6,A12,A12,i7-00012,GCTATCCT,1000000,exp,P2,A12,A12,i5-00012,AGGATAGC
6,A7,A14,A14,i7-00014,TGGACTCT,1000000,exp,P2,A14,A14,i5-00014,AGAGTCCA
7,A8,A16,A16,i7-00016,ATCCAGAG,1000000,exp,P2,A16,A16,i5-00016,CTCTGGAT
8,A9,A18,A18,i7-00018,AACTGAGC,1000000,exp,P3,A18,A18,i5-00018,GCTCAGTT
9,A10,A20,A20,i7-00020,GTGCCATA,1000000,exp,P3,A20,A20,i5-00020,TATGGCAC
10,A11,A22,A22,i7-00022,TCGCTGTT,1000000,exp,P3,A22,A22,i5-00022,AACAGCGA
11,A12,A24,A24,i7-00024,AAGCACTG,1000000,exp,P3,A24,A24,i5-00024,CAGTGCTT
12,B1,C2,C2,i7-00050,AGTTCGTC,1000000,exp,P1,C2,C2,i5-00050,GACGAACT
13,B2,C4,C4,i7-00052,ATCGCCAT,1000000,exp,P1,C4,C4,i5-00052,ATGGCGAT
14,B3,C6,C6,i7-00054,CTGTTGAC,1000000,exp,P1,C6,C6,i5-00054,GTCAACAG
15,B4,C8,C8,i7-00056,GAAGTTGG,1000000,exp,P1,C8,C8,i5-00056,CCAACTTC
16,B5,C10,C10,i7-00058,TTGGACGT,1000000,exp,P2,C10,C10,i5-00058,ACGTCCAA
17,B6,C12,C12,i7-00060,GATAGGCT,1000000,exp,P2,C12,C12,i5-00060,AGCCTATC
18,B7,C14,C14,i7-00062,CGCAATCT,1000000,exp,P2,C14,C14,i5-00062,AGATTGCG
19,B8,C16,C16,i7-00064,GATTGCTC,1000000,exp,P2,C16,C16,i5-00064,GAGCAATC
20,B9,C18,C18,i7-00066,TATCGGTC,1000000,exp,P3,C18,C18,i5-00066,GACCGATA
21,B10,C20,C20,i7-00068,ACGTTCAG,1000000,exp,P3,C20,C20,i5-00068,CTGAACGT
22,B11,C22,C22,i7-00070,TTGCAGAC,1000000,exp,P3,C22,C22,i5-00070,GTCTGCAA
23,B12,C24,C24,i7-00072,ACTCCATC,1000000,exp,P3,C24,C24,i5-00072,GATGGAGT
24,C1,E2,E2,i7-00098,CTTGGATG,1000000,exp,P1,E2,E2,i5-00098,CATCCAAG
25,C2,E4,E4,i7-00100,CTCATCAG,1000000,exp,P1,E4,E4,i5-00100,CTGATGAG
26,C3,E6,E6,i7-00102,AAGTCGAG,1000000,exp,P1,E6,E6,i5-00102,CTCGACTT
27,C4,E8,E8,i7-00104,TCACAGCA,1000000,exp,P1,E8,E8,i5-00104,TGCTGTGA
28,C5,E10,E10,i7-00106,CCTCAGTT,1000000,exp,P2,E10,E10,i5-00106,AACTGAGG
29,C6,E12,E12,i7-00108,ATGGCGAA,1000000,exp,P2,E12,E12,i5-00108,TTCGCCAT
30,C7,E14,E14,i7-00110,CTCGATAC,1000000,exp,P2,E14,E14,i5-00110,GTATCGAG
31,C8,E16,E16,i7-00112,TAGAGCTC,1000000,exp,P2,E16,E16,i5-00112,GAGCTCTA
32,C9,E18,E18,i7-00114,TAGACGTG,1000000,exp,P3,E18,E18,i5-00114,CACGTCTA
33,C10,E20,E20,i7-00116,CTCCTAGA,1000000,exp,P3,E20,E20,i5-00116,TCTAGGAG
34,C11,E22,E22,i7-00118,TGGCTATC,1000000,exp,P3,E22,E22,i5-00118,GATAGCCA
35,C12,E24,E24,i7-00120,TCCAATCG,1000000,exp,P3,E24,E24,i5-00120,CGATTGGA
36,D1,G2,G2,i7-00146,GTGAGCTT,1000000,exp,P1,G2,G2,i5-00146,AAGCTCAC
37,D2,G4,G4,i7-00148,TCGCATTG,1000000,exp,P1,G4,G4,i5-00148,CAATGCGA
38,D3,G6,G6,i7-00150,CCGATGTA,1000000,exp,P1,G6,G6,i5-00150,TACATCGG
39,D4,G8,G8,i7-00152,ACGACAGA,1000000,exp,P1,G8,G8,i5-00152,TCTGTCGT
40,D5,G10,G10,i7-00154,GAGTGGTT,1000000,exp,P2,G10,G10,i5-00154,AACCACTC
41,D6,G12,G12,i7-00156,CCAAGACT,1000000,exp,P2,G12,G12,i5-00156,AGTCTTGG
42,D7,G14,G14,i7-00158,CTGAAGCT,1000000,exp,P2,G14,G14,i5-00158,AGCTTCAG
43,D8,G16,G16,i7-00160,TCGTCTCA,1000000,exp,P2,G16,G16,i5-00160,TGAGACGA
44,D9,G18,G18,i7-00162,CGTTGAGT,1000000,exp,P3,G18,G18,i5-00162,ACTCAACG
45,D10,G20,G20,i7-00164,TAGGTAGG,1000000,exp,P3,G20,G20,i5-00164,CCTACCTA
46,D11,G22,G22,i7-00166,CATCGTGA,1000000,exp,P3,G22,G22,i5-00166,TCACGATG
47,D12,G24,G24,i7-00168,ACAGACCT,1000000,exp,P3,G24,G24,i5-00168,AGGTCTGT
48,E1,I2,I2,i7-00194,GTCTAGGT,1000000,exp,P1,I2,I2,i5-00194,ACCTAGAC
49,E2,I4,I4,i7-00196,GAGCTCAA,1000000,exp,P1,I4,I4,i5-00196,TTGAGCTC
50,E3,I6,I6,i7-00198,CACTGACA,1000000,exp,P1,I6,I6,i5-00198,TGTCAGTG
51,E4,I8,I8,i7-00200,GCACGTAA,1000000,exp,P1,I8,I8,i5-00200,TTACGTGC
52,E5,I10,I10,i7-00202,ACATAGGC,1000000,exp,P2,I10,I10,i5-00202,GCCTATGT
53,E6,I12,I12,i7-00204,CACCACTA,1000000,exp,P2,I12,I12,i5-00204,TAGTGGTG
54,E7,I14,I14,i7-00206,ACGGTCTT,1000000,exp,P2,I14,I14,i5-00206,AAGACCGT
55,E8,I16,I16,i7-00208,TGTCCAGA,1000000,exp,P2,I16,I16,i5-00208,TCTGGACA
56,E9,I18,I18,i7-00210,TGCACCAA,1000000,exp,P3,I18,I18,i5-00210,TTGGTGCA
57,E10,I20,I20,i7-00212,AGGCATAG,1000000,exp,P3,I20,I20,i5-00212,CTATGCCT
58,E11,I22,I22,i7-00214,TTGTCGGT,1000000,exp,P3,I22,I22,i5-00214,ACCGACAA
59,E12,I24,I24,i7-00216,GCATACAG,1000000,exp,P3,I24,I24,i5-00216,CTGTATGC
60,F1,K2,K2,i7-00242,TCGAGTGA,1000000,exp,P1,K2,K2,i5-00242,TCACTCGA
61,F2,K4,K4,i7-00244,GATCGTAC,1000000,exp,P1,K4,K4,i5-00244,GTACGATC
62,F3,K6,K6,i7-00246,CTCAGCTA,1000000,exp,P1,K6,K6,i5-00246,TAGCTGAG
63,F4,K8,K8,i7-00248,AACCGAAG,1000000,exp,P1,K8,K8,i5-00248,CTTCGGTT
64,F5,K10,K10,i7-00250,TTACGGCT,1000000,exp,P2,K10,K10,i5-00250,AGCCGTAA
65,F6,K12,K12,i7-00252,AGGATCTG,1000000,exp,P2,K12,K12,i5-00252,CAGATCCT
66,F7,K14,K14,i7-00254,GTGTTCCT,1000000,exp,P2,K14,K14,i5-00254,AGGAACAC
67,F8,K16,K16,i7-00256,TCACGTTC,1000000,exp,P2,K16,K16,i5-00256,GAACGTGA
68,F9,K18,K18,i7-00258,CTCTGGTT,1000000,exp,P3,K18,K18,i5-00258,AACCAGAG
69,F10,K20,K20,i7-00260,TCTGAGAG,1000000,exp,P3,K20,K20,i5-00260,CTCTCAGA
70,F11,K22,K22,i7-00262,TCTCCGAT,1000000,exp,P3,K22,K22,i5-00262,ATCGGAGA
71,F12,K24,K24,i7-00264,AGTCAGGA,1000000,exp,P3,K24,K24,i5-00264,TCCTGACT
72,G1,M2,M2,i7-00290,CTAGGTGA,1000000,exp,P1,M2,M2,i5-00290,TCACCTAG
73,G2,M4,M4,i7-00292,ACGATGAC,1000000,exp,P1,M4,M4,i5-00292,GTCATCGT
74,G3,M6,M6,i7-00294,TCGAAGGT,1000000,exp,P1,M6,M6,i5-00294,ACCTTCGA
75,G4,M8,M8,i7-00296,CTCTACTC,1000000,exp,P1,M8,M8,i5-00296,GAGTAGAG
76,G5,M10,M10,i7-00298,TGGAGTTG,1000000,exp,P2,M10,M10,i5-00298,CAACTCCA
77,G6,M12,M12,i7-00300,CAATCGAC,1000000,exp,P2,M12,M12,i5-00300,GTCGATTG
78,G7,M14,M14,i7-00302,TCTCGCAA,1000000,exp,P2,M14,M14,i5-00302,TTGCGAGA
79,G8,M16,M16,i7-00304,GAGATACG,1000000,exp,P2,M16,M16,i5-00304,CGTATCTC
80,G9,M18,M18,i7-00306,AGTCGACA,1000000,exp,P3,M18,M18,i5-00306,TGTCGACT
81,G10,M20,M20,i7-00308,CACAAGTC,1000000,exp,P3,M20,M20,i5-00308,GACTTGTG
82,G11,M22,M22,i7-00310,AGCTCCTA,1000000,exp,P3,M22,M22,i5-00310,TAGGAGCT
83,G12,M24,M24,i7-00312,CTGACACA,1000000,exp,P3,M24,M24,i5-00312,TGTGTCAG
84,H1,O2,O2,i7-00338,CGTACGAA,1000000,exp,P1,O2,O2,i5-00338,TTCGTACG
85,H2,O4,O4,i7-00340,CGTCAATG,1000000,exp,P1,O4,O4,i5-00340,CATTGACG
86,H3,O6,O6,i7-00342,GACGAATG,1000000,exp,P1,O6,O6,i5-00342,CATTCGTC
87,H4,O8,O8,i7-00344,CTTACAGC,1000000,cntrl,P1,O8,O8,i5-00344,GCTGTAAG
88,H5,O10,O10,i7-00346,TACGGTTG,1000000,exp,P2,O10,O10,i5-00346,CAACCGTA
89,H6,O12,O12,i7-00348,TCGAACCA,1000000,exp,P2,O12,O12,i5-00348,TGGTTCGA
90,H7,O14,O14,i7-00350,CAGAATCG,1000000,exp,P2,O14,O14,i5-00350,CGATTCTG
91,H8,O16,O16,i7-00352,GCTGGATT,1000000,cntrl,P2,O16,O16,i5-00352,AATCCAGC
92,H9,O18,O18,i7-00354,ACCAATGC,1000000,exp,P3,O18,O18,i5-00354,GCATTGGT
93,H10,O20,O20,i7-00356,CCGACTAT,1000000,exp,P3,O20,O20,i5-00356,ATAGTCGG
94,H11,O22,O22,i7-00358,GCCTTGTT,1000000,exp,P3,O22,O22,i5-00358,AACAAGGC
95,H12,O24,O24,i7-00360,ATTCGAGG,1000000,cntrl,P3,O24,O24,i5-00360,CCTCGAAT
