,well_id_96,coord1_384_x,well_id_384_x,I7_Index_ID,i7_index_sequence,cell_number,experimental_or_control,nuclease,nucleofection_buffer,coord1_384_y,well_id_384_y,i5_index_ID,i5_index_sequence
0,A1,A1,A1,i7-00001,CTGATCGT,1000000,exp,spCas9,P1,A1,A1,i5-00001,ACGATCAG
1,A2,A3,A3,i7-00003,TGAGCTAG,1000000,exp,spCas9,P1,A3,A3,i5-00003,CTAGCTCA
2,A3,A5,A5,i7-00005,CTTGTCGA,1000000,exp,spCas9,P1,A5,A5,i5-00005,TCGACAAG
3,A4,A7,A7,i7-00049,CGCATGAT,1000000,exp,spCas9,P1,A7,A7,i5-00049,ATCATGCG
4,A5,A9,A9,i7-00009,CGGCTAAT,1000000,exp,spCas9,P2,A9,A9,i5-00009,ATTAGCCG
5,A6,A11,A11,i7-00011,GCAAGATC,1000000,exp,spCas9,P2,A11,A11,i5-00011,GATCTTGC
6,A7,A13,A13,i7-00013,TACGCTAC,1000000,exp,spCas9,P2,A13,A13,i5-00013,GTAGCGTA
7,A8,A15,A15,i7-00015,AGAGTAGC,1000000,exp,spCas9,P2,A15,A15,i5-00015,GCTACTCT
8,A9,A17,A17,i7-00017,GACGATCT,1000000,exp,spCas9,P3,A17,A17,i5-00017,AGATCGTC
9,A10,A19,A19,i7-00019,CTTAGGAC,1000000,exp,spCas9,P3,A19,A19,i5-00019,GTCCTAAG
10,A11,A21,A21,i7-00021,GAATCCGA,1000000,exp,spCas9,P3,A21,A21,i5-00021,TCGGATTC
11,A12,A23,A23,i7-00023,TTCGTTGG,1000000,exp,spCas9,P3,A23,A23,i5-00023,CCAACGAA
12,B1,C1,C1,i7-00049,GAGCAGTA,1000000,exp,spCas9,P1,C1,C1,i5-00049,TACTGCTC
13,B2,C3,C3,i7-00051,TTGCGAAG,1000000,exp,spCas9,P1,C3,C3,i5-00051,CTTCGCAA
14,B3,C5,C5,i7-00053,TGGCATGT,1000000,exp,spCas9,P1,C5,C5,i5-00053,ACATGCCA
15,B4,C7,C7,i7-00055,CATACCAC,1000000,exp,spCas9,P1,C7,C7,i5-00055,GTGGTATG
16,B5,C9,C9,i7-00057,ATGACGTC,1000000,exp,spCas9,P2,C9,C9,i5-00057,GACGTCAT
17,B6,C11,C11,i7-00059,AGTGGATC,1000000,exp,spCas9,P2,C11,C11,i5-00059,GATCCACT
18,B7,C13,C13,i7-00061,TGGTAGCT,1000000,exp,spCas9,P2,C13,C13,i5-00061,AGCTACCA
19,B8,C15,C15,i7-00063,GATGTGTG,1000000,exp,spCas9,P2,C15,C15,i5-00063,CACACATC
20,B9,C17,C17,i7-00065,CGCTCTAT,1000000,exp,spCas9,P3,C17,C17,i5-00065,ATAGAGCG
21,B10,C19,C19,i7-00067,AACGTCTG,1000000,exp,spCas9,P3,C19,C19,i5-00067,CAGACGTT
22,B11,C21,C21,i7-00069,CAGTCCAA,1000000,exp,spCas9,P3,C21,C21,i5-00069,TTGGACTG
23,B12,C23,C23,i7-00071,CAATGTGG,1000000,exp,spCas9,P3,C23,C23,i5-00071,CCACATTG
24,C1,E1,E1,i7-00097,GCCTATCA,1000000,exp,spCas9,P1,E1,E1,i5-00097,TGATAGGC
25,C2,E3,E3,i7-00099,AGTCTCAC,1000000,exp,spCas9,P1,E3,E3,i5-00099,GTGAGACT
26,C3,E5,E5,i7-00101,TGTACCGT,1000000,exp,spCas9,P1,E5,E5,i5-00101,ACGGTACA
27,C4,E7,E7,i7-00103,CACGTTGT,1000000,exp,spCas9,P1,E7,E7,i5-00103,ACAACGTG
28,C5,E9,E9,i7-00105,CTACTTGG,1000000,exp,spCas9,P2,E9,E9,i5-00105,CCAAGTAG
29,C6,E11,E11,i7-00107,TCCTACCT,1000000,exp,spCas9,P2,E11,E11,i5-00107,AGGTAGGA
30,C7,E13,E13,i7-00109,CTTACCTG,1000000,exp,spCas9,P2,E13,E13,i5-00109,CAGGTAAG
31,C8,E15,E15,i7-00111,TCCGTGAA,1000000,exp,spCas9,P2,E15,E15,i5-00111,TTCACGGA
32,C9,E17,E17,i7-00113,TGACTGAC,1000000,exp,spCas9,P3,E17,E17,i5-00113,GTCAGTCA
33,C10,E19,E19,i7-00115,CCGGAATT,1000000,exp,spCas9,P3,E19,E19,i5-00115,AATTCCGG
34,C11,E21,E21,i7-00117,CAACGGAT,1000000,exp,spCas9,P3,E21,E21,i5-00117,ATCCGTTG
35,C12,E23,E23,i7-00119,CGGTCATA,1000000,exp,spCas9,P3,E23,E23,i5-00119,TATGACCG
36,D1,G1,G1,i7-00145,AGCGGAAT,1000000,exp,spCas9,P1,G1,G1,i5-00145,ATTCCGCT
37,D2,G3,G3,i7-00147,CGTGATCA,1000000,exp,spCas9,P1,G3,G3,i5-00147,TGATCACG
38,D3,G5,G5,i7-00149,TGACGCAT,1000000,exp,spCas9,P1,G5,G5,i5-00149,ATGCGTCA
39,D4,G7,G7,i7-00151,TTCGCAGT,1000000,exp,spCas9,P1,G7,G7,i5-00151,ACTGCGAA
40,D5,G9,G9,i7-00153,AGCTTGAG,1000000,exp,spCas9,P2,G9,G9,i5-00153,CTCAAGCT
41,D6,G11,G11,i7-00155,GCTGTAAG,1000000,exp,spCas9,P2,G11,G11,i5-00155,CTTACAGC
42,D7,G13,G13,i7-00157,ATTGCGTG,1000000,exp,spCas9,P2,G13,G13,i5-00157,CACGCAAT
43,D8,G15,G15,i7-00159,TAACGAGG,1000000,exp,spCas9,P2,G15,G15,i5-00159,CCTCGTTA
44,D9,G17,G17,i7-00161,TTCCTGTG,1000000,exp,spCas9,P3,G17,G17,i5-00161,CACAGGAA
45,D10,G19,G19,i7-00163,AGTCGCTT,1000000,exp,spCas9,P3,G19,G19,i5-00163,AAGCGACT
46,D11,G21,G21,i7-00165,CAGGAGAT,1000000,exp,spCas9,P3,G21,G21,i5-00165,ATCTCCTG
47,D12,G23,G23,i7-00167,TGTTGTGG,1000000,exp,spCas9,P3,G23,G23,i5-00167,CCACAACA
48,E1,I1,I1,i7-00193,CTTCGTTC,1000000,exp,spCas9,P1,I1,I1,i5-00193,GAACGAAG
49,E2,I3,I3,i7-00195,ACGTCGTA,1000000,exp,spCas9,P1,I3,I3,i5-00195,TACGACGT
50,E3,I5,I5,i7-00197,CGTGTACT,1000000,exp,spCas9,P1,I5,I5,i5-00197,AGTACACG
51,E4,I7,I7,i7-00199,TCGTAGTC,1000000,exp,spCas9,P1,I7,I7,i5-00199,GACTACGA
52,E5,I9,I9,i7-00201,CAAGCAGT,1000000,exp,spCas9,P2,I9,I9,i5-00201,ACTGCTTG
53,E6,I11,I11,i7-00203,TGTGGTAC,1000000,exp,spCas9,P2,I11,I11,i5-00203,GTACCACA
54,E7,I13,I13,i7-00205,CTGCGTAT,1000000,exp,spCas9,P2,I13,I13,i5-00205,ATACGCAG
55,E8,I15,I15,i7-00207,GATTGGAG,1000000,exp,spCas9,P2,I15,I15,i5-00207,CTCCAATC
56,E9,I17,I17,i7-00209,CCAGTGTT,1000000,exp,spCas9,P3,I17,I17,i5-00209,AACACTGG
57,E10,I19,I19,i7-00211,TTGACAGG,1000000,exp,spCas9,P3,I19,I19,i5-00211,CCTGTCAA
58,E11,I21,I21,i7-00213,TAGCCGAA,1000000,exp,spCas9,P3,I21,I21,i5-00213,TTCGGCTA
59,E12,I23,I23,i7-00215,CATCTACG,1000000,exp,spCas9,P3,I23,I23,i5-00215,CGTAGATG
60,F1,K1,K1,i7-00241,CAAGTGCA,1000000,exp,spCas9,P1,K1,K1,i5-00241,TGCACTTG
61,F2,K3,K3,i7-00243,CTACAGTG,1000000,exp,spCas9,P1,K3,K3,i5-00243,CACTGTAG
62,F3,K5,K5,i7-00245,CTTCACCA,1000000,exp,spCas9,P1,K5,K5,i5-00245,TGGTGAAG
63,F4,K7,K7,i7-00247,TCTGCTCT,1000000,exp,spCas9,P1,K7,K7,i5-00247,AGAGCAGA
64,F5,K9,K9,i7-00249,GCTGTTGT,1000000,exp,spCas9,P2,K9,K9,i5-00249,ACAACAGC
65,F6,K11,K11,i7-00251,GACAAGAG,1000000,exp,spCas9,P2,K11,K11,i5-00251,CTCTTGTC
66,F7,K13,K13,i7-00253,GTAGCATC,1000000,exp,spCas9,P2,K13,K13,i5-00253,GATGCTAC
67,F8,K15,K15,i7-00255,AGGATGGT,1000000,exp,spCas9,P2,K15,K15,i5-00255,ACCATCCT
68,F9,K17,K17,i7-00257,GCGTTCTA,1000000,exp,spCas9,P3,K17,K17,i5-00257,TAGAACGC
69,F10,K19,K19,i7-00259,TTAGGTCG,1000000,exp,spCas9,P3,K19,K19,i5-00259,CGACCTAA
70,F11,K21,K21,i7-00261,TTCAGCCT,1000000,exp,spCas9,P3,K21,K21,i5-00261,AGGCTGAA
71,F12,K23,K23,i7-00263,CAGGTATC,1000000,exp,spCas9,P3,K23,K23,i5-00263,GATACCTG
72,G1,M1,M1,i7-00289,CATTGCCT,1000000,exp,spCas9,P1,M1,M1,i5-00289,AGGCAATG
73,G2,M3,M3,i7-00291,TCCGTATG,1000000,exp,spCas9,P1,M3,M3,i5-00291,CATACGGA
74,G3,M5,M5,i7-00293,GTCGGTAA,1000000,exp,spCas9,P1,M5,M5,i5-00293,TTACCGAC
75,G4,M7,M7,i7-00295,AGAAGCGT,1000000,exp,spCas9,P1,M7,M7,i5-00295,ACGCTTCT
76,G5,M9,M9,i7-00297,CTAGGCAT,1000000,exp,spCas9,P2,M9,M9,i5-00297,ATGCCTAG
77,G6,M11,M11,i7-00299,GAGGACTT,1000000,exp,spCas9,P2,M11,M11,i5-00299,AAGTCCTC
78,G7,M13,M13,i7-00301,TCTAACGC,1000000,exp,spCas9,P2,M13,M13,i5-00301,GCGTTAGA
79,G8,M15,M15,i7-00303,ATCGGTGT,1000000,exp,spCas9,P2,M15,M15,i5-00303,ACACCGAT
80,G9,M17,M17,i7-00305,GTCTCCTT,1000000,exp,spCas9,P3,M17,M17,i5-00305,AAGGAGAC
81,G10,M19,M19,i7-00307,CGGATTGA,1000000,exp,spCas9,P3,M19,M19,i5-00307,TCAATCCG
82,G11,M21,M21,i7-00309,TACATCGG,1000000,exp,spCas9,P3,M21,M21,i5-00309,CCGATGTA
83,G12,M23,M23,i7-00311,ACTCGTTG,1000000,exp,spCas9,P3,M23,M23,i5-00311,CAACGAGT
84,H1,O1,O1,i7-00337,GACTTAGG,1000000,exp,spCas9,P1,O1,O1,i5-00337,CCTAAGTC
85,H2,O3,O3,i7-00339,TACCAGGA,1000000,exp,spCas9,P1,O3,O3,i5-00339,TCCTGGTA
86,H3,O5,O5,i7-00341,GAAGAGGT,1000000,exp,spCas9,P1,O5,O5,i5-00341,ACCTCTTC
87,H4,O7,O7,i7-00343,AGGAGGAA,1000000,cntrl,spCas9,P1,O7,O7,i5-00343,TTCCTCCT
88,H5,O9,O9,i7-00345,GAGATGTC,1000000,exp,spCas9,P2,O9,O9,i5-00345,GACATCTC
89,H6,O11,O11,i7-00347,CTATCGCA,1000000,exp,spCas9,P2,O11,O11,i5-00347,TGCGATAG
90,H7,O13,O13,i7-00349,GAACGCTT,1000000,exp,spCas9,P2,O13,O13,i5-00349,AAGCGTTC
91,H8,O15,O15,i7-00351,ATGGTTGC,1000000,cntrl,spCas9,P2,O15,O15,i5-00351,GCAACCAT
92,H9,O17,O17,i7-00353,GATGCACT,1000000,exp,spCas9,P3,O17,O17,i5-00353,AGTGCATC
93,H10,O19,O19,i7-00355,GTCCTAAG,1000000,exp,spCas9,P3,O19,O19,i5-00355,CTTAGGAC
94,H11,O21,O21,i7-00357,TTGGTCTC,1000000,exp,spCas9,P3,O21,O21,i5-00357,GAGACCAA
95,H12,O23,O23,i7-00359,GATACTGG,1000000,cntrl,spCas9,P3,O23,O23,i5-00359,CCAGTATC
