,well_id_96,coord_1_well_id_384,i7_index_384_well_id,I7_Index_ID,i7_index_sequence
0,A1,A1,A1,i7-00001,CTGATCGT
1,A2,A3,A3,i7-00003,TGAGCTAG
2,A3,A5,A5,i7-00005,CTTGTCGA
3,A4,A7,A7,i7-00049,CGCATGAT
4,A5,A9,A9,i7-00009,CGGCTAAT
5,A6,A11,A11,i7-00011,GCAAGATC
6,A7,A13,A13,i7-00013,TACGCTAC
7,A8,A15,A15,i7-00015,AGAGTAGC
8,A9,A17,A17,i7-00017,GACGATCT
9,A10,A19,A19,i7-00019,CTTAGGAC
10,A11,A21,A21,i7-00021,GAATCCGA
11,A12,A23,A23,i7-00023,TTCGTTGG
12,B1,C1,C1,i7-00049,GAGCAGTA
13,B2,C3,C3,i7-00051,TTGCGAAG
14,B3,C5,C5,i7-00053,TGGCATGT
15,B4,C7,C7,i7-00055,CATACCAC
16,B5,C9,C9,i7-00057,ATGACGTC
17,B6,C11,C11,i7-00059,AGTGGATC
18,B7,C13,C13,i7-00061,TGGTAGCT
19,B8,C15,C15,i7-00063,GATGTGTG
20,B9,C17,C17,i7-00065,CGCTCTAT
21,B10,C19,C19,i7-00067,AACGTCTG
22,B11,C21,C21,i7-00069,CAGTCCAA
23,B12,C23,C23,i7-00071,CAATGTGG
24,C1,E1,E1,i7-00097,GCCTATCA
25,C2,E3,E3,i7-00099,AGTCTCAC
26,C3,E5,E5,i7-00101,TGTACCGT
27,C4,E7,E7,i7-00103,CACGTTGT
28,C5,E9,E9,i7-00105,CTACTTGG
29,C6,E11,E11,i7-00107,TCCTACCT
30,C7,E13,E13,i7-00109,CTTACCTG
31,C8,E15,E15,i7-00111,TCCGTGAA
32,C9,E17,E17,i7-00113,TGACTGAC
33,C10,E19,E19,i7-00115,CCGGAATT
34,C11,E21,E21,i7-00117,CAACGGAT
35,C12,E23,E23,i7-00119,CGGTCATA
36,D1,G1,G1,i7-00145,AGCGGAAT
37,D2,G3,G3,i7-00147,CGTGATCA
38,D3,G5,G5,i7-00149,TGACGCAT
39,D4,G7,G7,i7-00151,TTCGCAGT
40,D5,G9,G9,i7-00153,AGCTTGAG
41,D6,G11,G11,i7-00155,GCTGTAAG
42,D7,G13,G13,i7-00157,ATTGCGTG
43,D8,G15,G15,i7-00159,TAACGAGG
44,D9,G17,G17,i7-00161,TTCCTGTG
45,D10,G19,G19,i7-00163,AGTCGCTT
46,D11,G21,G21,i7-00165,CAGGAGAT
47,D12,G23,G23,i7-00167,TGTTGTGG
48,E6,I11,I11,i7-00203,TGTGGTAC
49,E7,I13,I13,i7-00205,CTGCGTAT
50,E8,I15,I15,i7-00207,GATTGGAG
51,E9,I17,I17,i7-00209,CCAGTGTT
52,E10,I19,I19,i7-00211,TTGACAGG
53,E11,I21,I21,i7-00213,TAGCCGAA
54,E12,I23,I23,i7-00215,CATCTACG
55,F6,K11,K11,i7-00251,GACAAGAG
56,F7,K13,K13,i7-00253,GTAGCATC
57,F8,K15,K15,i7-00255,AGGATGGT
58,F9,K17,K17,i7-00257,GCGTTCTA
59,F10,K19,K19,i7-00259,TTAGGTCG
60,F11,K21,K21,i7-00261,TTCAGCCT
61,F12,K23,K23,i7-00263,CAGGTATC
62,G6,M11,M11,i7-00299,GAGGACTT
63,G7,M13,M13,i7-00301,TCTAACGC
64,G8,M15,M15,i7-00303,ATCGGTGT
65,G9,M17,M17,i7-00305,GTCTCCTT
66,G10,M19,M19,i7-00307,CGGATTGA
67,G11,M21,M21,i7-00309,TACATCGG
68,G12,M23,M23,i7-00311,ACTCGTTG
69,H6,O11,O11,i7-00347,CTATCGCA
70,H7,O13,O13,i7-00349,GAACGCTT
71,H8,O15,O15,i7-00351,ATGGTTGC
72,H9,O17,O17,i7-00353,GATGCACT
73,H10,O19,O19,i7-00355,GTCCTAAG
74,H11,O21,O21,i7-00357,TTGGTCTC
75,H12,O23,O23,i7-00359,GATACTGG
